FirstName	LastName	StreetName	Town	Postcode	Country	Salary	EmploymentStatus
John	Smith	221B Baker Street	London	W1A 1AA	GB	55000	Full-time
Jane	Doe	12 High Street	Manchester	M1 2AB	GB	48000	Part-time
David	Johnson	34 Church Road	Birmingham	B1 3CD	GB	60000	Full-time
Emily	Williams	56 Station Road	Bristol	BS1 4EF	GB	52000	Full-time
Michael	Brown	78 Victoria Avenue	Glasgow	G1 5GH	GB	45000	Full-time
Sarah	Davis	90 Kingsway	Edinburgh	EH1 6IJ	GB	50000	Part-time
Robert	Jones	10 Oak Street	Liverpool	L1 7KL	GB	62000	Full-time
Jessica	Miller	22 Elm Street	Cardiff	CF1 8MN	GB	47000	Full-time
Thomas	Rodriguez	14 Market Square	Leeds	LS1 9OP	GB	58000	Full-time
Laura	Martinez	36 Bridge Street	Sheffield	S1 0QR	GB	53000	Full-time
James	Wilson	58 Park Lane	Leicester	LE1 1ST	GB	49000	Full-time
Olivia	Taylor	70 Queen Street	Coventry	CV1 2UV	GB	55000	Part-time
Henry	Moore	82 Duke Street	Southampton	SO1 3WX	GB	46000	Full-time
Sophie	Clark	94 Princess Avenue	Newcastle	NE1 4YZ	GB	51000	Full-time
Oliver	Evans	106 Castle Road	Nottingham	NG1 5AB	GB	54000	Full-time
Chloe	Lewis	118 River Street	Cambridge	CB1 6CD	GB	47000	Full-time
Ethan	Hall	130 The Crescent	Oxford	OX1 7EF	GB	60000	Part-time
Isabella	Allen	142 West Street	Reading	RG1 8GH	GB	45000	Full-time
Alexander	Wright	154 East Road	Plymouth	PL1 9IJ	GB	49000	Full-time
Mia	Scott	166 South Lane	Brighton	BN1 0KL	GB	51000	Part-time
Benjamin	Adams	178 Mill Road	York	YO1 1MN	GB	55000	Full-time
Amelia	Green	190 North Street	Exeter	EX1 2OP	GB	48000	Full-time
Samuel	King	202 Hillview Road	Aberdeen	AB1 3QR	GB	61000	Full-time
Ella	Mitchell	214 Valley Road	Dundee	DD1 4ST	GB	53000	Part-time
Jack	Perez	226 Meadow Lane	Inverness	IV1 5UV	GB	48000	Full-time
Grace	Collins	238 Spring Road	Stirling	FK1 6WX	GB	50000	Full-time
Jacob	Richardson	250 Summer Avenue	Swansea	SA1 7YZ	GB	52000	Full-time
Ava	Bell	262 Autumn Street	Bath	BA1 8AB	GB	49000	Full-time
Daniel	Turner	274 Winter Road	Durham	DH1 9CD	GB	58000	Full-time
Sophia	Morris	286 Forest Lane	Gloucester	GL1 0EF	GB	56000	Full-time
Lucas	Stewart	298 Grove Street	Luton	LU1 1GH	GB	47000	Part-time
Harper	Hughes	310 Orchard Road	Milton Keynes	MK1 2IJ	GB	54000	Full-time
Mason	Foster	322 Lake View	Newport	NP1 3KL	GB	60000	Full-time
Lily	Bailey	334 Seaview Road	Portsmouth	PO1 4MN	GB	52000	Full-time
Logan	Jenkins	346 Greenfield Lane	Derby	DE1 5OP	GB	45000	Part-time
Zoe	Ward	358 Valley View	Ipswich	IP1 6QR	GB	50000	Full-time
Ryan	Watson	370 Riverbank Road	Oxford	OX1 7ST	GB	61000	Full-time
Ella	Morgan	382 Cliffside Drive	Belfast	BT1 8UV	GB	49000	Part-time
Dylan	Carter	394 Ridgeway	Norwich	NR1 9WX	GB	47000	Full-time
Ruby	Cooper	406 Horizon Lane	Hull	HU1 0YZ	GB	53000	Full-time
Oscar	Rivera	418 Highland Road	Wolverhampton	WV1 1AB	GB	50000	Full-time
Hannah	Edwards	430 Meadow View	Preston	PR1 2CD	GB	48000	Full-time
Leo	Cook	442 Brook Street	St Albans	AL1 3EF	GB	54000	Full-time
Sophie	Howard	454 Orchard Close	Canterbury	CT1 4GH	GB	51000	Part-time
Jacob	Long	466 River Street	Chester	CH1 5IJ	GB	46000	Full-time
Lily	Evans	478 Hill Road	Sunderland	SR1 6KL	GB	58000	Full-time
Joshua	Murphy	490 Crescent Drive	Durham	DH1 7MN	GB	45000	Part-time
Ella	Thompson	502 Woodland Road	Lancaster	LA1 8OP	GB	50000	Full-time
William	White	514 Garden Street	Peterborough	PE1 9QR	GB	49000	Full-time
Isabella	Walker	526 Riverbank	Lincoln	LN1 0ST	GB	47000	Full-time